djmammo ,6
mommakat,0
MTwoman,0
Heartdesire,0
Youngweezer,0
Moderators,0
djmammo,6
jenney75,2
djmammo,6
jenney75,2
djmammo,6
trudym,4
djmammo,6
Rah2464,0
trudym,4
trudym,4
djmammo,6
trudym,4
djmammo,6
trudym,4
footballmom,1
Schweety,3
djmammo,6
Schweety,3
djmammo,6
Schweety,3
Schweety,3
djmammo,6
Schweety,3
Trailergirl,1
djmammo,6
Schweety,3
Beesie,2
Trying2stay,0
Schweety,3
djmammo,6
Trying2stay,0
Beesie,2
Schweety,3
Trying2stay,0
Trying2stay,0
runor,0
footballmom,1
djmammo,6
footballmom,1
Trying2stay,0
djmammo,6
